,tweet_id,handle,retweet_count,text,mined_at,created_at
0,1233441223232245760,JeffBezos,2554,"Discussing climate, sustainability, and preserving the natural world with President @EmmanuelMacron today in Paris.‚Ä¶ https://t.co/ry52OGekMH",2021-08-03 16:36:42.400558,Fri Feb 28 17:17:58 +0000 2020
1,1224154674804084736,JeffBezos,13443,"I just took a DNA test, turns out I‚Äôm 100% @lizzo‚Äôs biggest fan. #SBLIV https://t.co/RhOduXk8Qd",2021-08-03 16:36:42.400558,Mon Feb 03 02:16:32 +0000 2020
2,1222572705066536961,JeffBezos,2775,"Hey, Alexa ‚Äî show everyone our upcoming Super Bowl ad. Thanks @TheEllenShow and @PortiaDeRossi! https://t.co/U8Qua3dhwg",2021-08-03 16:36:42.400558,Wed Jan 29 17:30:21 +0000 2020
3,1220059386694922240,JeffBezos,5441,#Jamal https://t.co/8ej1rUBXVb,2021-08-03 16:36:42.400558,Wed Jan 22 19:03:20 +0000 2020
4,1219093283265138688,JeffBezos,9970,"Hey, India. We‚Äôre rolling out our new fleet of electric delivery rickshaws. Fully electric. Zero carbon.‚Ä¶ https://t.co/8hxC8IIL4o",2021-08-03 16:36:42.400558,Mon Jan 20 03:04:23 +0000 2020
5,1218864092825432064,JeffBezos,2560,Proud of the program we have in India to hire and train deaf associates at our delivery stations. Managers learn ba‚Ä¶ https://t.co/WKFqhWhWRT,2021-08-03 16:36:42.400558,Sun Jan 19 11:53:39 +0000 2020
6,1218440995731316736,JeffBezos,2525,"Amazon partners with thousands of kirana stores all over India as delivery points. It‚Äôs good for customers, and it‚Ä¶ https://t.co/RZq9lKzFCD",2021-08-03 16:36:42.400558,Sat Jan 18 07:52:25 +0000 2020
7,1218137485672251394,JeffBezos,5197,Lots of fun on stage with @iamsrk and Zoya Akhtar. https://t.co/wdZ2tEsySX,2021-08-03 16:36:42.400558,Fri Jan 17 11:46:23 +0000 2020
8,1217751342162173952,JeffBezos,753,Grabbing a quick selfie with @AmitAgarwal at India‚Äôs small business summit. Everyone squeeze in a little tighter!‚Ä¶ https://t.co/MhPgAxIhSj,2021-08-03 16:36:42.400558,Thu Jan 16 10:11:59 +0000 2020
9,1217449121981718531,JeffBezos,3619,Dynamism. Energy. Democracy. #IndianCentury https://t.co/U6cKJO60Rz,2021-08-03 16:36:42.400558,Wed Jan 15 14:11:04 +0000 2020
10,1217100229993881600,JeffBezos,8594,Just landed in India and spent a beautiful afternoon paying my respects to someone who truly changed the world. ‚ÄúLi‚Ä¶ https://t.co/AyPJhsYRNY,2021-08-03 16:36:42.400558,Tue Jan 14 15:04:42 +0000 2020
11,1207074776289697794,JeffBezos,502,Toured @LeeMontessori in Washington D.C. with a team from Day 1 Academies. It was great to meet these kids ‚Äî they‚Äôr‚Ä¶ https://t.co/ZfyJVCJLcV,2021-08-03 16:36:42.400558,Tue Dec 17 23:07:07 +0000 2019
12,1204964350936731649,JeffBezos,1429,Picture perfect flight @BlueOrigin. And this vehicle has now flown to space &amp; back six times making this a new mile‚Ä¶ https://t.co/ibOCUlo55z,2021-08-03 16:36:42.400558,Thu Dec 12 03:21:03 +0000 2019
13,1197997251139784704,JeffBezos,1121,Nice! Amazon ranked #1 best managed company. Definitely the result of strong teamwork from people who care deeply a‚Ä¶ https://t.co/W8IWKu1Loe,2021-08-03 16:36:42.400558,Fri Nov 22 21:56:17 +0000 2019
14,1197519998161281024,JeffBezos,441,Excited to announce this year's Bezos Day One grants. Thank you to these 32 organizations in 23 states working to e‚Ä¶ https://t.co/IFr1OdH8LV,2021-08-03 16:36:42.400558,Thu Nov 21 14:19:51 +0000 2019
15,1193891803721687040,JeffBezos,509,Congrats to David &amp; all the veterans graduating from the Amazon Apprenticeship program who are now in technical car‚Ä¶ https://t.co/QQa9z1Sbid,2021-08-03 16:36:42.400558,Mon Nov 11 14:02:42 +0000 2019
16,1186752897083760641,JeffBezos,1448,"It‚Äôs time to go back to the Moon, this time to stay. @LockheedMartin @northropgrumman @DraperLab @blueorigin‚Ä¶ https://t.co/0j1hW8EwRz",2021-08-03 16:36:42.400558,Tue Oct 22 21:15:14 +0000 2019
17,1186367004371906560,JeffBezos,1331,Dropped in on an #AmazonFutureEngineer class at Dunbar H.S. in D.C. today. We‚Äôre committed to bringing more resourc‚Ä¶ https://t.co/WJ8QOJ2Fkw,2021-08-03 16:36:42.400558,Mon Oct 21 19:41:50 +0000 2019
18,1176489837517344769,JeffBezos,400,"Thank you to our customers who donated relief items for a second Amazon Air plane of humanitarian aid. Together, mo‚Ä¶ https://t.co/xTiCtnOqZC",2021-08-03 16:36:42.400558,Tue Sep 24 13:33:30 +0000 2019
19,1176310291300093952,JeffBezos,245,A record year of #Emmy wins for @PrimeVideo - fantastic work. Huge congrats to the winners and teams behind‚Ä¶ https://t.co/uWT95mLay0,2021-08-03 16:36:42.400558,Tue Sep 24 01:40:02 +0000 2019
20,1175854166066913280,JeffBezos,207,"Good luck to @RachelBros, Phoebe Waller-Bridge, the @MaiselTV and @Fleabag teams, and all @PrimeVideo shows up for‚Ä¶ https://t.co/M0hqp2zMJw",2021-08-03 16:36:42.400558,Sun Sep 22 19:27:34 +0000 2019
21,1174704799645720586,JeffBezos,412,"Super excited about The Climate Pledge. Impossible to do this without @CFigueres. So grateful to you, Christiana.‚Ä¶ https://t.co/jHNzg4sqld",2021-08-03 16:36:42.400558,Thu Sep 19 15:20:23 +0000 2019
22,1173973723189108736,JeffBezos,558,"Yesterday the first Amazon Air plane loaded with relief items arrived in Nassau, Bahamas to help victims of‚Ä¶ https://t.co/u66UrIjHbc",2021-08-03 16:36:42.400558,Tue Sep 17 14:55:21 +0000 2019
23,1173728216550260736,JeffBezos,311,Shout out to the new Amazonians who let me drop by their New Hire Orientation today. Incredible to welcome so many‚Ä¶ https://t.co/fm5sS4t0ZE,2021-08-03 16:36:42.400558,Mon Sep 16 22:39:48 +0000 2019
24,1172517558336905218,JeffBezos,252,Visited the amazing @Nia_House Montessori in Nashville with @mike_m_george. Learned a lot that‚Äôs going to help Day‚Ä¶ https://t.co/p8doG6VWFG,2021-08-03 16:36:42.400558,Fri Sep 13 14:29:04 +0000 2019
25,1171872387492528128,JeffBezos,627,"Today, we announced that we added 24 schools in #Nashville to our #AmazonFutureEngineer program. Loved celebrating‚Ä¶ https://t.co/l4S1iQ2Z46",2021-08-03 16:36:42.400558,Wed Sep 11 19:45:24 +0000 2019
26,1171060934753734656,JeffBezos,746,We're sending two Amazon Air planes packed with tens of thousands of Amazon-donated and customer-donated relief ite‚Ä¶ https://t.co/Fd17SxhNzS,2021-08-03 16:36:42.400558,Mon Sep 09 14:00:58 +0000 2019
27,1170697204845039616,JeffBezos,636,Season 2 streams November 1. Can‚Äôt wait. #JackRyan https://t.co/THDtDjGIpQ,2021-08-03 16:36:42.400558,Sun Sep 08 13:55:38 +0000 2019
28,1170036283315388416,JeffBezos,7692,"Rooting for team India. Good luck, India! #Chandrayaan2 https://t.co/iWWSqPs4nz",2021-08-03 16:36:42.400558,Fri Sep 06 18:09:22 +0000 2019
29,1167125742401941504,JeffBezos,303,.@BlueOrigin founded nonprofit @clubforfuture to inspire youth to pursue careers in #STEM + visualize life in space‚Ä¶ https://t.co/8eDmN3Bxpc,2021-08-03 16:36:42.400558,Thu Aug 29 17:23:55 +0000 2019
30,1166798278375030784,JeffBezos,254,"Had a great meeting with Mike George. We‚Äôre hard at work building Day 1 Academies, and Mike has been busy learning‚Ä¶ https://t.co/d2aDeJ2DnF",2021-08-03 16:36:42.400558,Wed Aug 28 19:42:42 +0000 2019
31,1145345436846157824,JeffBezos,398,#Pride https://t.co/mYq5XuA9Ks,2021-08-03 16:36:42.400558,Sun Jun 30 14:56:46 +0000 2019
32,1141770282773831681,JeffBezos,418,So much fun with Caroline Kennedy yesterday at the #JFKSpaceSummit. Her father‚Äôs Rice speech still inspires. We cho‚Ä¶ https://t.co/6ozBeRchyL,2021-08-03 16:36:42.400558,Thu Jun 20 18:10:23 +0000 2019
33,1141520394022576128,JeffBezos,813,First hotfire of our #BE7 lunar landing engine just yesterday at Marshall Space Flight Center. Data looks great and‚Ä¶ https://t.co/uNBDRJesww,2021-08-03 16:36:42.400558,Thu Jun 20 01:37:25 +0000 2019
34,1140285639071416320,JeffBezos,932,"Happy Father‚Äôs Day. You‚Äôre there for me always, and I feel it. I love you, Dad. https://t.co/o85JWRSTBn",2021-08-03 16:36:42.400558,Sun Jun 16 15:50:56 +0000 2019
35,1138206602043936769,JeffBezos,525,My mom‚Äôs incredible story. Wow. So grateful. So proud. #Grit https://t.co/msi2nHqikf,2021-08-03 16:36:42.400558,Mon Jun 10 22:09:35 +0000 2019
36,1136707086933299200,JeffBezos,1252,Got a chance to scout some of the cool tech at the first #reMARS event. @HaptX @Rivian @hseas @wyssinstitute https://t.co/bvG5afbn50,2021-08-03 16:36:42.400558,Thu Jun 06 18:51:03 +0000 2019
37,1136489170841546752,JeffBezos,541,Leo‚Äôs story is amazing and so is his mom. #AmazonFutureEngineer https://t.co/QQPKg3GZ2T,2021-08-03 16:36:42.400558,Thu Jun 06 04:25:07 +0000 2019
38,1136474105220407298,JeffBezos,451,".@AmazonreMARS is all about bringing the best and brightest together, so it‚Äôs fitting that I got to meet Leo ‚Äî one‚Ä¶ https://t.co/JRbs3woMFU",2021-08-03 16:36:42.400558,Thu Jun 06 03:25:16 +0000 2019
39,1133366998874804224,JeffBezos,971,"MacKenzie is going to be amazing and thoughtful and effective at philanthropy, and I‚Äôm proud of her. Her letter is‚Ä¶ https://t.co/YoohADeiiG",2021-08-03 16:36:42.400558,Tue May 28 13:38:44 +0000 2019
40,1133007488721117184,JeffBezos,317,Grateful on this #MemorialDay to the fallen servicemen and women ‚Äî and their families ‚Äî for the ultimate sacrifice‚Ä¶ https://t.co/JndCoiffsi,2021-08-03 16:36:42.400558,Mon May 27 13:50:10 +0000 2019
41,1131446048386240513,JeffBezos,254,Great annual shareholder meeting today. #Amazon https://t.co/g9keKvGyq0,2021-08-03 16:36:42.400558,Thu May 23 06:25:33 +0000 2019
42,1129010348286046208,JeffBezos,2027,My dad‚Äôs journey to the U.S. shows how people come together to help each other. We got a chance to celebrate him la‚Ä¶ https://t.co/CAfhQjKZSF,2021-08-03 16:36:42.400558,Thu May 16 13:06:57 +0000 2019
43,1128828279329181696,JeffBezos,2218,"At the Statue of Liberty, where my dad‚Äôs being honored with a Liberty Star as part of the new museum‚Äôs opening. Whe‚Ä¶ https://t.co/UmvanhEXBJ",2021-08-03 16:36:42.400558,Thu May 16 01:03:29 +0000 2019
44,1128409227481964544,JeffBezos,1922,"We‚Äôre investing $1.5 billion in our new air hub to get you your packages faster. Three million square feet, and it‚Äô‚Ä¶ https://t.co/rKi5q2mnNh",2021-08-03 16:36:42.400558,Tue May 14 21:18:19 +0000 2019
45,1127573586716385280,JeffBezos,628,"I‚Äôm lucky enough to call her my mom. She‚Äôs kind, patient, supportive, and has always encouraged me to stay curious.‚Ä¶ https://t.co/CyamOqB6UN",2021-08-03 16:36:42.400558,Sun May 12 13:57:47 +0000 2019
46,1126634588560748545,JeffBezos,801,Blue Origin is building the infrastructure needed to unleash the next generation of dreamers. I met these young peo‚Ä¶ https://t.co/2hYFAOaUDH,2021-08-03 16:36:42.400558,Thu May 09 23:46:32 +0000 2019
47,1124115283554078720,JeffBezos,395,Congrats to the whole @blueorigin team! https://t.co/71S53Ucl5l,2021-08-03 16:36:42.400558,Fri May 03 00:55:43 +0000 2019
48,1116317620670582789,JeffBezos,212,Been an honor &amp; pleasure having Tom Alberg on Amazon‚Äôs Board. Tom joined in 1996 and has been with us ever since -‚Ä¶ https://t.co/QXJ1YF5ORB,2021-08-03 16:36:42.400558,Thu Apr 11 12:30:35 +0000 2019
49,1113851402965487616,JeffBezos,1302,https://t.co/oFGWPkK3dB,2021-08-03 16:36:42.400558,Thu Apr 04 17:10:43 +0000 2019
50,1107991131147534336,JeffBezos,1093,"Thank you @FestoAG, but bigger please‚Ä¶. I want to get on! #ThinkBig #MARS2019 https://t.co/uXqvkf623B",2021-08-03 16:36:42.400558,Tue Mar 19 13:04:05 +0000 2019
51,1093643321732464646,JeffBezos,24466,"I‚Äôve written a post about developments with the National Enquirer and its parent company, AMI. You can find it here: https://t.co/G1ykJAPPwy",2021-08-03 16:36:42.400558,Thu Feb 07 22:51:01 +0000 2019
52,1092255287472320512,JeffBezos,6253,"Grateful for the journalists at the @washingtonpost and around the world who do the work, no matter the risk or dan‚Ä¶ https://t.co/v07zUatPKZ",2021-08-03 16:36:42.400558,Mon Feb 04 02:55:28 +0000 2019
53,1083004911380393985,JeffBezos,6098,https://t.co/Gb10BDb0x0,2021-08-03 16:36:42.400558,Wed Jan 09 14:17:46 +0000 2019
54,1080261240423964672,JeffBezos,675,I have outstanding news to ring in 2019. Former Alexa VP &amp; long-time Amazonian Mike George has agreed to lead the D‚Ä¶ https://t.co/pePgyk8DDM,2021-08-03 16:36:42.400558,Wed Jan 02 00:35:24 +0000 2019
55,1064882081249951744,JeffBezos,1074,Excited to announce the first annual grants from the Bezos Day 1 Families Fund. $97.5 million to 24 organizations d‚Ä¶ https://t.co/4PGfmoYfpQ,2021-08-03 16:36:42.400558,Tue Nov 20 14:04:07 +0000 2018
56,1062120332251684864,JeffBezos,1211,"Had the privilege today of unveiling our newest Amazon Air 767 - ""Valor"" - named in honor of the thousands of Amazo‚Ä¶ https://t.co/2cBMYGm5Au",2021-08-03 16:36:42.400558,Mon Nov 12 23:09:55 +0000 2018
57,1058012110947373057,JeffBezos,2197,"Yep, that‚Äôs me. I was lucky to be exposed to tech and coding at a young age. Inspired a lifelong love of invention.‚Ä¶ https://t.co/JnR86cB0B6",2021-08-03 16:36:42.400558,Thu Nov 01 15:05:18 +0000 2018
58,1054739581533188096,JeffBezos,425,Amazon just won The American Foundation for the Blind‚Äôs Helen Keller award! Huge kudos to the whole team on working‚Ä¶ https://t.co/yjmiCRuLAM,2021-08-03 16:36:42.400558,Tue Oct 23 14:21:27 +0000 2018
59,1051983010722013184,JeffBezos,1553,Very sad to hear of Paul Allen‚Äôs passing. His passion for invention and pushing forward inspired so many. He was re‚Ä¶ https://t.co/2WrsMNzyrt,2021-08-03 16:36:42.400558,Mon Oct 15 23:47:49 +0000 2018
60,1050136574090825728,JeffBezos,693,Thank you to the @usairforce for your confidence in the @BlueOrigin team and our #NewGlenn rocket. We are proud to‚Ä¶ https://t.co/adT4X9LZwL,2021-08-03 16:36:42.400558,Wed Oct 10 21:30:44 +0000 2018
61,1047152109508997121,JeffBezos,3440,"Thank you @SenSanders. We‚Äôre excited about this, and also hope others will join in. https://t.co/kasWkkOhWo",2021-08-03 16:36:42.400558,Tue Oct 02 15:51:32 +0000 2018
62,1045423889856192512,JeffBezos,471,Big win for @BlueOrigin today! And a big thank you to @ulalaunch for choosing our BE-4 engine. Excited to be a part‚Ä¶ https://t.co/MF5sjDzSXc,2021-08-03 16:36:42.400558,Thu Sep 27 21:24:13 +0000 2018
63,1042108453295013888,JeffBezos,231,"Incredible work from the whole @MaiselTV team for 8 #Emmys wins, including Outstanding Comedy Series. Woohoo! https://t.co/mfAwDkVX6s",2021-08-03 16:36:42.400558,Tue Sep 18 17:49:51 +0000 2018
64,1040253796293795842,JeffBezos,6337,https://t.co/2GlgjztK1u,2021-08-03 16:36:42.400558,Thu Sep 13 15:00:06 +0000 2018
65,1019742477018730496,JeffBezos,385,Super proud of the entire Blue Team who came together and made it happen #nevergetsold #gradatimferociter https://t.co/f6e2pdnwGn,2021-08-03 16:36:42.400558,Thu Jul 19 00:35:27 +0000 2018
66,1019737114093629441,JeffBezos,234,"Appreciate the support, Mr. Vice President. I‚Äôm thrilled to report from West Texas that the team nailed it today‚Ä¶ https://t.co/lXoGcokJ74",2021-08-03 16:36:42.400558,Thu Jul 19 00:14:08 +0000 2018
67,1019641106533937152,JeffBezos,523,Crew Capsule looks great even after it was pushed hard by the escape test. Astronauts would have had an exhilaratin‚Ä¶ https://t.co/XxBJRk4g62,2021-08-03 16:36:42.400558,Wed Jul 18 17:52:38 +0000 2018
68,1013467826999267328,JeffBezos,351,Wishing @SpecialOlympics tennis competitor (and Amazonian!) Leonard Flowers luck in the @2018USAGames this week! Gr‚Ä¶ https://t.co/NIvKyhkVHy,2021-08-03 16:36:42.400558,Sun Jul 01 17:02:13 +0000 2018
69,1008348645605797890,JeffBezos,2855,"My dad came here from Cuba all by himself without speaking English when he was 16 years old, and has been kicking a‚Ä¶ https://t.co/pbBejaKhPQ",2021-08-03 16:36:42.400558,Sun Jun 17 14:00:25 +0000 2018
70,1007077455146860544,JeffBezos,1328,https://t.co/phDTXHElBp,2021-08-03 16:36:42.400558,Thu Jun 14 01:49:10 +0000 2018
71,1001187602622439427,JeffBezos,576,I‚Äôm enjoying this day with my kids but also remembering. Remembering the many sons and daughters who have given up‚Ä¶ https://t.co/O0Bbr5yrIB,2021-08-03 16:36:42.400558,Mon May 28 19:45:00 +0000 2018
72,996609529323245568,JeffBezos,351,Tom Wolfe was an amazing journalist and author. Thank you for showing us all what it took to have ‚ÄúThe Right Stuff‚Äù. https://t.co/ObMeU4S92S,2021-08-03 16:36:42.400558,Wed May 16 04:33:22 +0000 2018
73,995680729106341888,JeffBezos,522,"You shaped us, you protected us, you let us fall, you picked us up, and you LOVED us, always and unconditionally. T‚Ä¶ https://t.co/EAJekB5W7R",2021-08-03 16:36:42.400558,Sun May 13 15:02:39 +0000 2018
74,992765968182001665,JeffBezos,13707,"Love this quote. It‚Äôs been on my fridge for years, and I see it every time I open the door. #Emerson https://t.co/kN8HjM4bOI",2021-08-03 16:36:42.400558,Sat May 05 14:00:26 +0000 2018
75,991799694664679425,JeffBezos,1153,üòÄ @ConanOBrien @BlueOrigin https://t.co/x3BiCpaLQA,2021-08-03 16:36:42.400558,Wed May 02 22:00:48 +0000 2018
76,990755397542723584,JeffBezos,1902,Highlights from today‚Äôs mission. Don‚Äôt miss the Nerf ball doing a few backflips in zero gravity. #GradatimFerociter‚Ä¶ https://t.co/2k65etKuHb,2021-08-03 16:36:42.400558,Mon Apr 30 00:51:08 +0000 2018
77,990692677963284480,JeffBezos,448,The lucky boots worked again. Huge kudos and thanks to the entire @BlueOrigin team. #GradatimFerociter https://t.co/P9cUqRNbYv,2021-08-03 16:36:42.400558,Sun Apr 29 20:41:55 +0000 2018
78,990663519900184577,JeffBezos,418,"Apogee of 351,000 feet (66 miles, 107 kilometers), and that‚Äôs the altitude we‚Äôve been targeting for operations. One‚Ä¶ https://t.co/rzXSTjh6Of",2021-08-03 16:36:42.400558,Sun Apr 29 18:46:03 +0000 2018
79,989851170545029120,JeffBezos,1139,"Launch preparations are underway for New Shepard‚Äôs 8th test flight, as we continue our progress toward human spacef‚Ä¶ https://t.co/06mpFFOGEs",2021-08-03 16:36:42.400558,Fri Apr 27 12:58:04 +0000 2018
80,988154007813173248,JeffBezos,1232,"Dog sledding above the Arctic Circle in Norway. Jim Lovell says it‚Äôs not that you go to heaven when you die, but ‚Äúy‚Ä¶ https://t.co/RMzvR6gPaF",2021-08-03 16:36:42.400558,Sun Apr 22 20:34:09 +0000 2018
81,987494749559926784,JeffBezos,291,Honored to speak at @TheBushCenter Forum on Leadership tonight with Ken Hersh. The spirit of former First Lady Barb‚Ä¶ https://t.co/QMesSS9bla,2021-08-03 16:36:42.400558,Sat Apr 21 00:54:29 +0000 2018
82,986547483743436801,JeffBezos,902,At @BestBuy catching up with CEO Hubert Joly and announcing our collaboration on the next generation of smart TVs.‚Ä¶ https://t.co/nDSF6XZFa3,2021-08-03 16:36:42.400558,Wed Apr 18 10:10:23 +0000 2018
83,986016459351515136,JeffBezos,3747,"Great reporting requires patience, grit and a willingness to follow a story wherever it leads, whether Alabama or M‚Ä¶ https://t.co/5TNlXLfffS",2021-08-03 16:36:42.400558,Mon Apr 16 23:00:17 +0000 2018
84,985682558405885952,JeffBezos,388,I love Dwayne Johnson @TheRock. Still working on my smolder https://t.co/8GmuZIyFwK https://t.co/WyckQV6rrY,2021-08-03 16:36:42.400558,Mon Apr 16 00:53:29 +0000 2018
85,985664806567927808,JeffBezos,531,Very comfortable on my kids‚Äô giant panda doing email and putting final touches on this year‚Äôs annual shareholder le‚Ä¶ https://t.co/GWi7fEefH4,2021-08-03 16:36:42.400558,Sun Apr 15 23:42:57 +0000 2018
86,985300754134007809,JeffBezos,559,I made pancakes on this rainy Seattle morning for @ciara and @DangeRussWilson. These guys are as fun as they are ta‚Ä¶ https://t.co/NkQ5Rkt0Rf,2021-08-03 16:36:42.400558,Sat Apr 14 23:36:20 +0000 2018
87,981311629022314496,JeffBezos,2064,Horrible and truly tragic day for YouTube and Google. We are wishing all our very best for the injured and all those affected.,2021-08-03 16:36:42.400558,Tue Apr 03 23:24:58 +0000 2018
88,975847153468768256,JeffBezos,6892,Taking my new dog for a walk at the #MARS2018 conference. #BostonDynamics https://t.co/vE6CXrvV3o,2021-08-03 16:36:42.400558,Mon Mar 19 21:31:06 +0000 2018
89,974344409377460224,JeffBezos,159,Thank you to the @NatReconOfc for having me over to speak. You don‚Äôt want to even imagine the world without these p‚Ä¶ https://t.co/X94rr9Entk,2021-08-03 16:36:42.400558,Thu Mar 15 17:59:44 +0000 2018
90,973696994332983299,JeffBezos,1036,"New test video of Blue‚Äôs 550K lbf thrust, ox-rich staged combustion, LNG-fueled BE-4 engine. The test is a mixture‚Ä¶ https://t.co/ui39I7rJao",2021-08-03 16:36:42.400558,Tue Mar 13 23:07:08 +0000 2018
91,972561435036344320,JeffBezos,876,Kirk or Picard? Picard! #FinalFrontier #GoBoldly https://t.co/mEohTVuKIs,2021-08-03 16:36:42.400558,Sat Mar 10 19:54:50 +0000 2018
92,966312919079112705,JeffBezos,1370,Happy to announce that Amazon Studios is adapting Iain M. Banks‚Äô amazing Culture series ‚Äî a huge personal favorite‚Ä¶ https://t.co/iMESIiiT2O,2021-08-03 16:36:42.400558,Wed Feb 21 14:05:27 +0000 2018
93,965957024109379602,JeffBezos,3623,"Installation has begun‚Äî500 ft tall, all mechanical, powered by day/night thermal cycles, synchronized at solar noon‚Ä¶ https://t.co/8pLA41nGZN",2021-08-03 16:36:42.400558,Tue Feb 20 14:31:15 +0000 2018
94,961033484536971264,JeffBezos,400,@elonmusk @SpaceX @blueorigin Woohoo! üöÄüöÄüöÄ,2021-08-03 16:36:42.400558,Wed Feb 07 00:26:52 +0000 2018
95,960521086298238976,JeffBezos,2514,"Best of luck @SpaceX with the Falcon Heavy launch tomorrow ‚Äì hoping for a beautiful, nominal flight! @BlueOrigin #GradatimFerociter",2021-08-03 16:36:42.400558,Mon Feb 05 14:30:47 +0000 2018
96,959796196247142400,JeffBezos,2947,The stunning Perito Moreno Glacier in Patagonia. We‚Äôve sent robotic probes to every planet in this solar system. Ea‚Ä¶ https://t.co/OUrv1OUVXC,2021-08-03 16:36:42.400558,Sat Feb 03 14:30:19 +0000 2018
97,950156231414394881,JeffBezos,294,"Wishing best of luck tonight to THE MARVELOUS MRS MAISEL, Rachel Brosnahan, Kevin Bacon, and to the whole cast and‚Ä¶ https://t.co/JyhA5xOmX6",2021-08-03 16:36:42.400558,Mon Jan 08 00:04:33 +0000 2018
98,946109222135128064,JeffBezos,738,Turns out our Amazon fulfillment center associates in Madrid can dance‚Ä¶ And one got a big surprise at the end! Love‚Ä¶ https://t.co/bcLZSLN1ve,2021-08-03 16:36:42.400558,Wed Dec 27 20:03:11 +0000 2017
99,941467037905272833,JeffBezos,626,First use of our landing pad bot #Blue2D2. @blueorigin https://t.co/Ht2P7yVwEs,2021-08-03 16:36:42.400558,Fri Dec 15 00:36:48 +0000 2017
100,941465587049406464,JeffBezos,720,"Full video of Mannequin Skywalker‚Äôs ride to space. Unlike him, you‚Äôll be able to get out of your seat during the ze‚Ä¶ https://t.co/a2uPiPTfFJ",2021-08-03 16:36:42.400558,Fri Dec 15 00:31:02 +0000 2017
101,940792988095139841,JeffBezos,1846,#NewShepard had a successful first flight of Crew Capsule 2.0 today. Complete with windows and our instrumented tes‚Ä¶ https://t.co/dh5G80crSa,2021-08-03 16:36:42.400558,Wed Dec 13 03:58:22 +0000 2017
102,936360685788733440,JeffBezos,597,"Of all the news coming out of AWS #reInvent this week, I hope you didn‚Äôt miss this one. Set a Guinness World Record‚Ä¶ https://t.co/ZXBEWl6hnV",2021-08-03 16:36:42.400558,Thu Nov 30 22:25:58 +0000 2017
103,932270037657726976,JeffBezos,1963,"Ten years ago today, we launched the first-ever Kindle. Happy 10th birthday @AmazonKindle and thank you to all the‚Ä¶ https://t.co/TLYTGWVhc1",2021-08-03 16:36:42.400558,Sun Nov 19 15:31:12 +0000 2017
104,930134795304148992,JeffBezos,3324,Amazon Prime heads to Middle Earth. https://t.co/QowUmf8t3S https://t.co/YVciEX3u2t,2021-08-03 16:36:42.400558,Mon Nov 13 18:06:30 +0000 2017
105,929139251152699392,JeffBezos,110,"Thank you and your boys for your service, Casey! https://t.co/1OhL3D4ijJ",2021-08-03 16:36:42.400558,Sat Nov 11 00:10:34 +0000 2017
106,928623239110082560,JeffBezos,968,"Thank you to the 17,500 veterans and military spouses now working at Amazon. We set a goal last year to hire 25,000‚Ä¶ https://t.co/1mBCyrFvuc",2021-08-03 16:36:42.400558,Thu Nov 09 14:00:07 +0000 2017
107,926509741932720128,JeffBezos,392,Congrats to the @BestBuy team on their new Alexa skill. Customers can now find and shop Best Buy deals on Alexa. Ni‚Ä¶ https://t.co/lKwYujIaKR,2021-08-03 16:36:42.400558,Fri Nov 03 18:01:50 +0000 2017
108,921439650287423489,JeffBezos,507,And the winner for best news website is ‚Ä¶ @WashingtonPost. And more. Big congrats to the whole team! #DMNA17 https://t.co/BtridtXjeM,2021-08-03 16:36:42.400558,Fri Oct 20 18:15:06 +0000 2017
109,921114359119560704,JeffBezos,719,First hotfire of our BE-4 engine is a success. Huge kudos to the whole @BlueOrigin team for this important step!‚Ä¶ https://t.co/YZEVT60TlI,2021-08-03 16:36:42.400558,Thu Oct 19 20:42:31 +0000 2017
110,920999561564274688,JeffBezos,4518,Fun day christening Amazon‚Äôs latest wind farm. #RenewableEnergy https://t.co/cTxeXdsFop,2021-08-03 16:36:42.400558,Thu Oct 19 13:06:21 +0000 2017
111,915975473573720065,JeffBezos,633,"Long my favorite novel. Teaches pain of regret so well you will think you lived it. Congrats, Mr. Ishiguro, so earn‚Ä¶ https://t.co/mlCeIVTbBi",2021-08-03 16:36:42.400558,Thu Oct 05 16:22:25 +0000 2017
112,915046109298520064,JeffBezos,3514,Amazon plane packed with donation of critical supplies landed earlier today in San Juan. Thank you to all the Amazo‚Ä¶ https://t.co/QAAthzlznu,2021-08-03 16:36:42.400558,Tue Oct 03 02:49:27 +0000 2017
113,914951991431880704,JeffBezos,396,Thoughts with all those affected in Las Vegas. So much gratitude to all the police &amp; good Samaritans who put their lives on the line to help,2021-08-03 16:36:42.400558,Mon Oct 02 20:35:28 +0000 2017
114,911304409803522048,JeffBezos,561,"Future engineer, 9-year-old Ryan, signs Amazon gold robot he helped build at another ""30 Days, 30 Smiles"" event‚Ä¶ https://t.co/wuOjPzaKoL",2021-08-03 16:36:42.400558,Fri Sep 22 19:01:17 +0000 2017
115,908124621391618050,JeffBezos,444,".@Amazon supporting ‚Äú30 Days, 30 Smiles‚Äù with @Accorg. Today, a surprise visit to @BlueOrigin. #BeatPediatricCancer https://t.co/RErtOuuJDm",2021-08-03 16:36:42.400558,Thu Sep 14 00:25:56 +0000 2017
116,902898556456943616,JeffBezos,1828,Alexa has made a new friend https://t.co/r7o46eVJq0,2021-08-03 16:36:42.400558,Wed Aug 30 14:19:25 +0000 2017
117,901865101761884161,JeffBezos,245,https://t.co/LvRG16ZhbF,2021-08-03 16:36:42.400558,Sun Aug 27 17:52:50 +0000 2017
118,895714205822730241,JeffBezos,1138,A pleasure to host #SecDef James Mattis at Amazon HQ in Seattle today https://t.co/JnQZoSOnFN,2021-08-03 16:36:42.400558,Thu Aug 10 18:31:22 +0000 2017
119,895324443500609536,JeffBezos,222,Couldn‚Äôt happen to a nicer guy. Congratulations @jeffreytambor! https://t.co/543RCTusqX,2021-08-03 16:36:42.400558,Wed Aug 09 16:42:36 +0000 2017
120,893628626725294080,JeffBezos,77,Awesome! Good luck this weekend @JimmyShane1! https://t.co/EFor5kuYLn,2021-08-03 16:36:42.400558,Sat Aug 05 00:24:02 +0000 2017
121,892774250272112641,JeffBezos,756,Incredible turnout to see the first booster ever to fly into space and land vertically upon the Earth. #BlueOrigin‚Ä¶ https://t.co/Vzw0UfFwhc,2021-08-03 16:36:42.400558,Wed Aug 02 15:49:02 +0000 2017
122,886779647660179457,JeffBezos,152,Mike Collins cracking us all up last night. https://t.co/bnpHp0ZCK4,2021-08-03 16:36:42.400558,Mon Jul 17 02:48:38 +0000 2017
123,886779328096116736,JeffBezos,261,"Huge thanks from the whole @BlueOrigin team, Buzz https://t.co/LRKyd5ncil",2021-08-03 16:36:42.400558,Mon Jul 17 02:47:22 +0000 2017
124,884475655148011520,JeffBezos,510,Going to Oshkosh? Come sit inside @BlueOrigin‚Äôs crew capsule and enjoy a simulated ride to space @EAA #OSH17‚Ä¶ https://t.co/jdK8wRb3BK,2021-08-03 16:36:42.400558,Mon Jul 10 18:13:23 +0000 2017
125,882786853404893184,JeffBezos,230,This is a gigantic compliment to our teams. Best of luck Haggler in your continuing adventures. #CustomerObsession https://t.co/LyGg3aD5QM,2021-08-03 16:36:42.400558,Thu Jul 06 02:22:41 +0000 2017
126,879046517285310464,JeffBezos,3371,"Terrific meeting with @narendramodi. Always impressed, energized by optimism and invention in India. Excited to kee‚Ä¶ https://t.co/Q3Hwq91TLC",2021-08-03 16:36:42.400558,Sun Jun 25 18:39:56 +0000 2017
127,876806972619673600,JeffBezos,162,Amazing to share this moment with the @BlueOrigin team and my family. https://t.co/1fgM9jExs9,2021-08-03 16:36:42.400558,Mon Jun 19 14:20:47 +0000 2017
128,876568434397429760,JeffBezos,153,"And here‚Äôs me and my dad. I‚Äôm a very lucky son. I love you, Dad. #FathersDay https://t.co/mEBsN88DLG",2021-08-03 16:36:42.400558,Sun Jun 18 22:32:55 +0000 2017
129,876567491941498880,JeffBezos,195,"Flipping pancakes, Lego Saturn V, Wonder Woman matinee. Love being a dad. #FathersDay https://t.co/L9Q7zW1p0A",2021-08-03 16:36:42.400558,Sun Jun 18 22:29:10 +0000 2017
130,875418348598603776,JeffBezos,9258,Request for ideas‚Ä¶ https://t.co/j6D68mhseL,2021-08-03 16:36:42.400558,Thu Jun 15 18:22:53 +0000 2017
131,875012301836832768,JeffBezos,713,Rooftop #solar panels at our 1 million-square-foot fulfillment center in Baltimore now live. 50+ solar FCs will com‚Ä¶ https://t.co/aycX1O9PFh,2021-08-03 16:36:42.400558,Wed Jun 14 15:29:24 +0000 2017
132,874337020117569536,JeffBezos,202,"Congrats to Jeff on his long-term leadership. John, you have size 20 shoes to fill! GE remains an American gem. https://t.co/oFF4yp9J4e",2021-08-03 16:36:42.400558,Mon Jun 12 18:46:04 +0000 2017
133,866004720984272896,JeffBezos,156,Super fun morning talking rockets with a very cool group of students. Great questions. Thx to all the students and‚Ä¶ https://t.co/ge8qGNduiQ,2021-08-03 16:36:42.400558,Sat May 20 18:56:29 +0000 2017
134,863867801181855744,JeffBezos,419,"I won the lottery with my mom. Thanks for literally everything, Mom. https://t.co/gEuVgxotdw",2021-08-03 16:36:42.400558,Sun May 14 21:25:08 +0000 2017
135,860284449195343873,JeffBezos,561,"First plant in the ground at #TheSpheres, 39,999 to go. Public tours start 2018. https://t.co/6Jgo4cLb7o",2021-08-03 16:36:42.400558,Fri May 05 00:06:10 +0000 2017
136,848316838446456833,JeffBezos,110,Thanks @TheRealBuzz! That cute little guy is the future! https://t.co/nx75sAUYW8,2021-08-03 16:36:42.400558,Sat Apr 01 23:31:09 +0000 2017
137,847523788921032704,JeffBezos,353,My parents rock. https://t.co/uPAJ1SaR4p,2021-08-03 16:36:42.400558,Thu Mar 30 18:59:52 +0000 2017
138,847217297257185281,JeffBezos,318,Impossible to express how personally meaningful this is. A dream. Huge kudos to @BlueOrigin team that worked so har‚Ä¶ https://t.co/EUJ14L0gs8,2021-08-03 16:36:42.400558,Wed Mar 29 22:41:58 +0000 2017
139,843692770405617664,JeffBezos,2180,I just got to pilot an awesome (and huge) robot thanks to Hankook Mirae Technology. Nice! #MARS2017 https://t.co/MvN6ghEYFi,2021-08-03 16:36:42.400558,Mon Mar 20 05:16:46 +0000 2017
140,841342440405577733,JeffBezos,128,"Thanks LA Times for choosing WaPo's Arc Publishing for your digital platform, and kudos to tech team at The Post! https://t.co/zhHgVZvXh1",2021-08-03 16:36:42.400558,Mon Mar 13 17:37:23 +0000 2017
141,840223951842295809,JeffBezos,228,OK. Definitely want to buy a bottle of this‚Ä¶ https://t.co/saLQyiaV2c,2021-08-03 16:36:42.400558,Fri Mar 10 15:32:55 +0000 2017
142,839468386530824193,JeffBezos,242,Adding to the #NewGlenn launch manifest. Agreement with #OneWeb for five launches initially. Happy to work with you‚Ä¶ https://t.co/sLqBmrcH4X,2021-08-03 16:36:42.400558,Wed Mar 08 13:30:34 +0000 2017
143,839112645957541890,JeffBezos,295,Excited to announce we have signed our 1st #NewGlenn customer. Welcome to the launch manifest @Eutelsat_SA https://t.co/fTeKKneYnJ,2021-08-03 16:36:42.400558,Tue Mar 07 13:56:59 +0000 2017
144,838748973598900225,JeffBezos,591,Here‚Äôs one more shot of BE-4 in its transport cradle. https://t.co/T2HdZ3UtQZ,2021-08-03 16:36:42.400558,Mon Mar 06 13:51:53 +0000 2017
145,838748139964272640,JeffBezos,553,1st BE-4 engine fully assembled. 2nd and 3rd following close behind. #GradatimFerociter https://t.co/duE4Tnzvkx,2021-08-03 16:36:42.400558,Mon Mar 06 13:48:34 +0000 2017
146,836077114667446272,JeffBezos,239,Congrats to Casey Affleck on his Best Actor win. So earned. #ManchesterByTheSea #Oscars @AmazonStudios @MBTSMovie,2021-08-03 16:36:42.400558,Mon Feb 27 04:54:52 +0000 2017
147,836072024577560584,JeffBezos,133,Bravo to Kenny Lonergan on his well-deserved #Oscars win for Best Original Screenplay @AmazonStudios @MBTSMovie,2021-08-03 16:36:42.400558,Mon Feb 27 04:34:38 +0000 2017
148,836049259430555648,JeffBezos,581,#TheSalesman takes home the Oscar for Best Foreign Language Film. Well done Asghar Farhadi and team @AmazonStudios #Oscars,2021-08-03 16:36:42.400558,Mon Feb 27 03:04:11 +0000 2017
149,833113864669519872,JeffBezos,191,Excited to share our urban campus with this terrific organization @FareStart https://t.co/SNJkMK6hz5,2021-08-03 16:36:42.400558,Sun Feb 19 00:39:58 +0000 2017
150,831586053915963393,JeffBezos,100,"Love this story https://t.co/PwXQSZ9Xaw of not 1, but 4 couples, who met @ Amazon FC in KY. Love is in the air‚Ä¶ Hap‚Ä¶ https://t.co/uRB9H3888j",2021-08-03 16:36:42.400558,Tue Feb 14 19:29:00 +0000 2017
151,829098772416192512,JeffBezos,421,"And on the NYPost article, if anybody knows how to get 20% margins in groceries, call me! :)",2021-08-03 16:36:42.400558,Tue Feb 07 22:45:25 +0000 2017
152,829054770308485120,JeffBezos,426,".@nypost, whoever your anonymous sources are on this story https://t.co/VFyzGQcOAZ ‚Äì they‚Äôve mixed up their meds!",2021-08-03 16:36:42.400558,Tue Feb 07 19:50:34 +0000 2017
153,827213980384964608,JeffBezos,395,Buzz Aldrin dropped by Blue Origin HQ to say hi to the team yesterday. Thanks @TheRealBuzz! https://t.co/JiCdI77ij6,2021-08-03 16:36:42.400558,Thu Feb 02 17:55:56 +0000 2017
154,817088724840239105,JeffBezos,398,I agree we need a superhighway in space. https://t.co/iEVk7nP3aA,2021-08-03 16:36:42.400558,Thu Jan 05 19:21:47 +0000 2017
155,809034847121350657,JeffBezos,5932,First-ever #AmazonPrimeAir customer delivery is in the books. 13 min‚Äîclick to delivery. Check out the video:‚Ä¶ https://t.co/mqKIkcbzLN,2021-08-03 16:36:42.400558,Wed Dec 14 13:58:33 +0000 2016
156,807367277104377856,JeffBezos,392,The Spheres‚Äô first snow‚Ä¶ thanks @mAColors for the great pic https://t.co/WnOtTAixjU,2021-08-03 16:36:42.400558,Fri Dec 09 23:32:13 +0000 2016
157,806976159166570496,JeffBezos,382,"Thank you, John Glenn. Godspeed.",2021-08-03 16:36:42.400558,Thu Dec 08 21:38:03 +0000 2016
158,806740517711003648,JeffBezos,179,Late Late Show‚Äôs @JKCorden on Amazon Go ‚Äì very funny! https://t.co/OOw3eV2l1x,2021-08-03 16:36:42.400558,Thu Dec 08 06:01:42 +0000 2016
159,804428649302634496,JeffBezos,160,"So proud of my brother https://t.co/qIRKtbamXs, and here‚Äôs his TED talk https://t.co/tYCodFJXoe.",2021-08-03 16:36:42.400558,Thu Dec 01 20:55:10 +0000 2016
160,799333890045317121,JeffBezos,1705,Love this TV commercial for Amazon Prime. Very proud of our ad team. https://t.co/E8ceXs4nte,2021-08-03 16:36:42.400558,Thu Nov 17 19:30:24 +0000 2016
161,799295335755436032,JeffBezos,2883,"Long wait is over‚Ä¶ Clarkson, Hammond, May are back‚Ä¶ #TheGrandTour premieres tonight in UK, US, DE, JP. And globally‚Ä¶ https://t.co/gXni6fiEYz",2021-08-03 16:36:42.400558,Thu Nov 17 16:57:12 +0000 2016
162,796729498075099136,JeffBezos,1640,Congratulations to @realDonaldTrump. I for one give him my most open mind and wish him great success in his service to the country.,2021-08-03 16:36:42.400558,Thu Nov 10 15:01:29 +0000 2016
163,792751030647689216,JeffBezos,147,https://t.co/U6VjlywrI3,2021-08-03 16:36:42.400558,Sun Oct 30 15:32:28 +0000 2016
164,789613513102663680,JeffBezos,75,Visiting Raisbeck Aviation High School today was so inspiring for me. Awesome students. https://t.co/zUGMXoNqLT,2021-08-03 16:36:42.400558,Fri Oct 21 23:45:06 +0000 2016
165,785572979140808704,JeffBezos,194,Stenciling the 7th and final tortoise onto this hardy and stalwart New Shepard capsule. #GradatimFerociter https://t.co/ciB6rbNPqP,2021-08-03 16:36:42.400558,Mon Oct 10 20:09:28 +0000 2016
166,784078556984844288,JeffBezos,90,"Steering through violent MaxQ escape forces is a residual capability, not explicitly engineered. Just a very robust booster. #InFlightEscape",2021-08-03 16:36:42.400558,Thu Oct 06 17:11:10 +0000 2016
167,784078159733854208,JeffBezos,187,Here‚Äôs escape vid in slow mo. #InFlightEscape https://t.co/MrKRiHZu8Y,2021-08-03 16:36:42.400558,Thu Oct 06 17:09:35 +0000 2016
168,783867231620870144,JeffBezos,222,"Reflecting on an incredible day. Toasting all 800 of the passionate, brilliant folks at Blue Origin.‚Ä¶ https://t.co/q2Bhekkcft",2021-08-03 16:36:42.400558,Thu Oct 06 03:11:26 +0000 2016
169,783733480324816896,JeffBezos,2444,That is one hell of a booster. #InFlightEscape #GradatimFerociter https://t.co/7ZRRe2HnMO,2021-08-03 16:36:42.400558,Wed Oct 05 18:19:57 +0000 2016
170,781492263817998337,JeffBezos,112,And here are the details of the escape test https://t.co/LDnJMjhtQ3 #GradatimFerociter,2021-08-03 16:36:42.400558,Thu Sep 29 13:54:09 +0000 2016
171,780348813450051585,JeffBezos,312,And here‚Äôs the #NewGlenn descent configuration. #GradatimFerociter https://t.co/nYSgZ4TzKA,2021-08-03 16:36:42.400558,Mon Sep 26 10:10:29 +0000 2016
172,780348452064595968,JeffBezos,353,Exciting results from 3 weeks of wind tunnel testing of #NewGlenn at transonic &amp; supersonic speeds. Validated our C‚Ä¶ https://t.co/OkHQ0G4di0,2021-08-03 16:36:42.400558,Mon Sep 26 10:09:03 +0000 2016
173,776560302062120963,JeffBezos,49,.Thanks @TheRealBuzz &amp; @HeinleinPrize ‚Äì what a fun night! https://t.co/l73vz2W2Oc,2021-08-03 16:36:42.400558,Thu Sep 15 23:16:18 +0000 2016
174,775324124935778304,JeffBezos,1340,Blue Origin‚Äôs next step‚Ä¶meet New Glenn #NewGlenn #GradatimFerociter https://t.co/p4gICKZRfi,2021-08-03 16:36:42.400558,Mon Sep 12 13:24:10 +0000 2016
175,756492625549537282,JeffBezos,714,.@matteorenzi excited to announce Amazon artificial intelligence &amp; machine learning center in Turin https://t.co/jxa7VxWZHF,2021-08-03 16:36:42.400558,Fri Jul 22 14:14:31 +0000 2016
176,756490285698260992,JeffBezos,228,Grazie @matteorenzi for wonderful conversation at Palazzo Vecchio. https://t.co/JGewdL8LAc,2021-08-03 16:36:42.400558,Fri Jul 22 14:05:13 +0000 2016
177,756144617049853952,JeffBezos,187,Cool new project from @smithsonian &amp; @autodesk lets you virtually explore Apollo 11 Command Module. https://t.co/9fjWKWsguH,2021-08-03 16:36:42.400558,Thu Jul 21 15:11:39 +0000 2016
178,755798093216387072,JeffBezos,383,"Bucket list. Cast, crew and Justin Lin @trailingjohnson were amazing. #StarTrekBeyond https://t.co/VJ95D8pQeK",2021-08-03 16:36:42.400558,Wed Jul 20 16:14:42 +0000 2016
179,755794420214050816,JeffBezos,49,.@trailingjohnson Amazing experience. Thank you! https://t.co/Aj3J88eqrw,2021-08-03 16:36:42.400558,Wed Jul 20 16:00:06 +0000 2016
180,744554127728869376,JeffBezos,200,Careful engineering plus of course ‚Ä¶ the lucky boots. Successful mission. #RocketsReused #GradatimFerociter https://t.co/ON5lhfGPSK,2021-08-03 16:36:42.400558,Sun Jun 19 15:35:11 +0000 2016
181,744521272873279488,JeffBezos,111,Loading propellants. Looking good for this morning‚Äôs launch. #GradatimFerociter,2021-08-03 16:36:42.400558,Sun Jun 19 13:24:38 +0000 2016
182,744324811191525377,JeffBezos,143,Thanks @VirginGalactic! So agree space needs all of us. #GradatimFerociter https://t.co/nlJsbWSv20,2021-08-03 16:36:42.400558,Sun Jun 19 00:23:58 +0000 2016
183,743805050254819328,JeffBezos,44,And of course ‚Äì development test flight ‚Äì anything can happen. #GradatimFerociter,2021-08-03 16:36:42.400558,Fri Jun 17 13:58:37 +0000 2016
184,743804334396170240,JeffBezos,73,Look for one-chute-out test starting about 7 minutes into flight + continue pushing envelope on booster. #GradatimFerociter,2021-08-03 16:36:42.400558,Fri Jun 17 13:55:47 +0000 2016
185,743803559150391298,JeffBezos,81,Watching a rocket launch (and rocket landing!) might add a little extra fun w/ kids on Father's Day. #GradatimFerociter,2021-08-03 16:36:42.400558,Fri Jun 17 13:52:42 +0000 2016
186,743802731924594688,JeffBezos,306,New Shepard launch set for Sunday at 10:15 am ET. Live webcast starts at 9:45 am ET at https://t.co/WTXblOKlvk #GradatimFerociter,2021-08-03 16:36:42.400558,Fri Jun 17 13:49:25 +0000 2016
187,743440703657648128,JeffBezos,123,Replacing leaking O-ring in capsule‚Äôs nitrogen gas pressurization system. Rescheduling flight to Sunday. #GradatimFerociter,2021-08-03 16:36:42.400558,Thu Jun 16 13:50:50 +0000 2016
188,742349816701673473,JeffBezos,139,Flight to test one-chute-out failure scenario &amp; push envelope on booster maneuvers #GradatimFerociter https://t.co/oWIGMqMCoa,2021-08-03 16:36:42.655675,Mon Jun 13 13:36:03 +0000 2016
189,742348210266509312,JeffBezos,365,Trying for 4th flight of same hardware this Friday. Live webcast at https://t.co/XlqW03DcEB #GradatimFerociter https://t.co/AKyv3newmN,2021-08-03 16:36:42.655675,Mon Jun 13 13:29:40 +0000 2016
190,729792802108919808,JeffBezos,261,Landing sequence caught by our GH2 vent cam. Watch for gear deployment in the shadow. #GradatimFerociter https://t.co/QHvSdjJ2Se,2021-08-03 16:36:42.655675,Mon May 09 21:58:57 +0000 2016
191,728313490641985536,JeffBezos,114,Thank you @FLOTUS for all you do with @JoiningForces. We're excited to add 25K more @Amazon Warriors to our ranks. https://t.co/ZSZ2DInOhZ,2021-08-03 16:36:42.655675,Thu May 05 20:00:42 +0000 2016
192,726171327103561728,JeffBezos,62,Ridiculously cute. #Alexa https://t.co/OG7g2cgIXS,2021-08-03 16:36:42.655675,Fri Apr 29 22:08:30 +0000 2016
193,722248253996019712,JeffBezos,96,Champagne cracked in the newsroom today. Congratulations to all @washingtonpost on Pulitzers!,2021-08-03 16:36:42.655675,Tue Apr 19 02:19:37 +0000 2016
194,722194216420397056,JeffBezos,119,You counseled so many. Your wisdom and warmth will be remembered. Rest in peace Bill Campbell.,2021-08-03 16:36:42.655675,Mon Apr 18 22:44:53 +0000 2016
195,718214798345777152,JeffBezos,187,Thank you and congrats to my friends and colleagues Jeff and Andy ‚Äì very well deserved! https://t.co/hGLGMDluKu,2021-08-03 16:36:42.655675,Thu Apr 07 23:12:06 +0000 2016
196,717033781589204992,JeffBezos,1082,"Heads up readers ‚Äì all-new, top of the line Kindle almost ready. 8th generation. Details next week.",2021-08-03 16:36:42.655675,Mon Apr 04 16:59:10 +0000 2016
197,716746420275978240,JeffBezos,674,Video from yesterday's flight now live: https://t.co/vBvPYpGFrQ Great view of dramatic booster deceleration.,2021-08-03 16:36:42.655675,Sun Apr 03 21:57:17 +0000 2016
198,716290993159405568,JeffBezos,114,We‚Äôll share mission video including aerial as soon as we‚Äôre able to get it processed.#GradatimFerociter @BlueOrigin,2021-08-03 16:36:42.655675,Sat Apr 02 15:47:35 +0000 2016
199,716288257722482689,JeffBezos,62,My Gradatim Ferociter boots. Gift from a friend &amp; they brought luck today. #LaunchLandRepeat @BlueOrigin https://t.co/3szqLGMI7s,2021-08-03 16:36:42.655675,Sat Apr 02 15:36:43 +0000 2016
200,716286175233777664,JeffBezos,214,CC touchdown confirmed. #LaunchLandRepeat @BlueOrigin,2021-08-03 16:36:42.655675,Sat Apr 02 15:28:26 +0000 2016
201,716285758382809088,JeffBezos,286,"Flawless BE-3 restart and perfect booster landing. CC chutes
deployed. @BlueOrigin",2021-08-03 16:36:42.655675,Sat Apr 02 15:26:47 +0000 2016
202,716283711998676992,JeffBezos,102,Liftoff and New Shepard is climbing to apogee. @BlueOrigin,2021-08-03 16:36:42.655675,Sat Apr 02 15:18:39 +0000 2016
203,716273109720911876,JeffBezos,134,Crew Capsule is locked &amp; ready for flt. Tortoises mark successful CC missions. #LaunchLandRepeat @BlueOrigin https://t.co/akPaP9EFIu,2021-08-03 16:36:42.655675,Sat Apr 02 14:36:31 +0000 2016
204,716271176905940992,JeffBezos,125,"Readying¬†Crew Capsule for flt. Clear skies in TX.
Tracking for morning launch. #LaunchLandRepeat @BlueOrigin https://t.co/X22DBlf9ZE",2021-08-03 16:36:42.655675,Sat Apr 02 14:28:50 +0000 2016
205,716029528619913216,JeffBezos,91,Two university microgravity experiments on tomorrow‚Äôs @blueorigin flight. Short vids: https://t.co/lHW6lsqCAY  https://t.co/VAYuFJRk7H,2021-08-03 16:36:42.655675,Fri Apr 01 22:28:37 +0000 2016
206,715986058257833988,JeffBezos,91,We‚Äôll have drone cameras in the air and hopefully will get good aerial footage to share. #LaunchLandRepeat @BlueOrigin,2021-08-03 16:36:42.655675,Fri Apr 01 19:35:53 +0000 2016
207,715985637946564608,JeffBezos,51,"Also, a new more efficient RCS algorithm on the Crew Capsule. Big performance win if it works. #LaunchLandRepeat @BlueOrigin",2021-08-03 16:36:42.655675,Fri Apr 01 19:34:13 +0000 2016
208,715985250644582400,JeffBezos,70,"Pushing the envelope. Restarting BE-3 fast @ high thrust, just 3600 ft from ground. Impact in 6 sec if engine doesn‚Äôt restart &amp; ramp fast.",2021-08-03 16:36:42.655675,Fri Apr 01 19:32:40 +0000 2016
209,715984864323842049,JeffBezos,314,Working to fly again tomorrow. Same vehicle. Third time. #LaunchLandRepeat @BlueOrigin https://t.co/e1ZfYAibK2,2021-08-03 16:36:42.655675,Fri Apr 01 19:31:08 +0000 2016
210,715695474762600448,JeffBezos,316,Got a little help from Amazon Robotics on stage today at our All-Hands in Seattle   https://t.co/8Ies2thPmr,2021-08-03 16:36:42.655675,Fri Apr 01 00:21:12 +0000 2016
211,714933790628446208,JeffBezos,153,"OK, this is the most hilarious Echo video yet: https://t.co/H6QJ28UYec",2021-08-03 16:36:42.655675,Tue Mar 29 21:54:33 +0000 2016
212,709569062167183362,JeffBezos,235,James Hamilton‚Äôs retrospective on 10 years of AWS is excellent: https://t.co/NL8GFMjvdz Kudos and congrats to the whole team!,2021-08-03 16:36:42.655675,Tue Mar 15 02:37:02 +0000 2016
213,702598104755777536,JeffBezos,53,"Marty's piece today is so inspiring. Thank you, @PostBaron! #BadAssReporting https://t.co/pVkjdXm97y",2021-08-03 16:36:42.655675,Wed Feb 24 20:56:56 +0000 2016
214,697850927701594112,JeffBezos,344,"Hope, somewhere in space-time, Einstein is seeing this. https://t.co/6EMJgffrIs #LIGO",2021-08-03 16:36:42.655675,Thu Feb 11 18:33:21 +0000 2016
215,697525483768934400,JeffBezos,701,"Mr. Prime Minister @matteorenzi, we are so proud of Diego. Great for Italy. Kudos to all! https://t.co/Mk0jcTZ2gT",2021-08-03 16:36:42.655675,Wed Feb 10 21:00:09 +0000 2016
216,694984360173277184,JeffBezos,88,"Nice. Blue Origin team just nominated for time-honored aviation award, the Collier Trophy! All the nominees here: https://t.co/PvGu1PI9TW",2021-08-03 16:36:42.655675,Wed Feb 03 20:42:38 +0000 2016
217,690731500812169217,JeffBezos,738,Can a used rocket fly? Video + a few technical details at https://t.co/8JUKBLg8fi  https://t.co/JWpi3yGDWq,2021-08-03 16:36:42.655675,Sat Jan 23 03:03:17 +0000 2016
218,688815223558410240,JeffBezos,536,Impressive launch and @SpaceX will soon make Falcon 9 landings routine ‚Äì so good for space! Kudos SpaceX!,2021-08-03 16:36:42.655675,Sun Jan 17 20:08:41 +0000 2016
219,688732394442997760,JeffBezos,292,"Believe me, if you‚Äôre ever tossed in a foreign prison, you want Fred Ryan and Marty Baron on the team working to get you out. #JasonIsFree",2021-08-03 16:36:42.655675,Sun Jan 17 14:39:33 +0000 2016
220,688732263995973632,JeffBezos,286,"Wheels up and out of Iranian airspace! Jason, Yegi, and Mary aboard. Doug Jehl and Ali Rezaian worked tirelessly on this. #JasonIsFree",2021-08-03 16:36:42.655675,Sun Jan 17 14:39:02 +0000 2016
221,688417513340678144,JeffBezos,47,Is Yegi on the plane? #JasonIsFree,2021-08-03 16:36:42.655675,Sat Jan 16 17:48:20 +0000 2016
222,686991579546923008,JeffBezos,157,"Grail: Risky, but if works, big breakthrough in broad spectrum EARLY cancer detection. Brilliant scientists. https://t.co/CmGslKGLOV",2021-08-03 16:36:42.655675,Tue Jan 12 19:22:10 +0000 2016
223,679116636310360067,JeffBezos,1334,Congrats @SpaceX on landing Falcon's suborbital booster stage.  Welcome to the club!,2021-08-03 16:36:42.655675,Tue Dec 22 01:49:58 +0000 2015
224,674008204838199297,JeffBezos,7586,Finally trashed by @realDonaldTrump. Will still reserve him a seat on the Blue Origin rocket. #sendDonaldtospace https://t.co/9OypFoxZk3,2021-08-03 16:36:42.655675,Mon Dec 07 23:30:53 +0000 2015
225,672453111395422208,JeffBezos,492,What 400 very happy rocket scientists look like. https://t.co/FwrZHuB8RD,2021-08-03 16:36:42.655675,Thu Dec 03 16:31:29 +0000 2015
226,671461815210139648,JeffBezos,232,"Breakthrough Energy Coalition. When in a box, only way out is to invent your way out. Thx to @BillGates for pulling this together.",2021-08-03 16:36:42.655675,Mon Nov 30 22:52:26 +0000 2015
227,669111829205938177,JeffBezos,5856,"The rarest of beasts - a used rocket. Controlled landing not easy, but done right, can look easy. Check out video: https://t.co/9OypFoxZk3",2021-08-03 16:36:42.655675,Tue Nov 24 11:14:26 +0000 2015
